{"111111 40.595561-105.14055": [], "111111 40.596108-105.140583": [], "11111140.595556-105.140069": [[349, 350], [352, 354], [370, 371], [373, 374], [377, 378], [379, 380], [381, 382], [424, 425], [440, 441]], "11111140.596114-105.140075": [[120, 122], [132, 133], [142, 144]], "222222 40.596108-105.140583": [[16, 18], [444, 446], [462, 464], [1007, 1009]], "22222240.595556-105.140069": [[437, 438], [657, 659]], "22222240.595561-105.14055": [[84, 86], [805, 807]], "22222240.596114-105.140075": [[358, 359], [417, 418]], "33333340.595658-105.139869": [[28, 29], [361, 362], [421, 423], [429, 431], [432, 433]], "33333340.595725-105.140008": [[361, 363], [411, 412]], "33333340.595881-105.139686": [[354, 355]], "33333340.595947-105.139833": [[411, 413], [425, 426], [454, 455]], "44444440.595658-105.139869": [[61, 62], [74, 76], [332, 333], [374, 378], [385, 386], [389, 390], [395, 396], [401, 402], [405, 406], [420, 421], [429, 430], [443, 445], [446, 447], [966, 968], [970, 971], [976, 978], [982, 984], [1041, 1042], [1095, 1096], [1181, 1182], [1189, 1190], [1243, 1245]], "44444440.595725-105.140008": [[411, 413], [414, 416], [420, 425], [426, 427], [431, 432], [438, 440], [444, 445], [447, 448], [449, 450], [463, 464], [465, 466], [647, 648], [667, 668], [818, 822], [827, 829], [838, 840], [851, 852], [853, 855], [857, 859], [863, 864], [868, 869], [871, 873], [875, 877], [895, 897], [899, 901], [925, 927], [928, 929], [930, 931], [935, 936], [938, 939], [949, 950], [968, 969], [972, 973], [981, 983], [1001, 1003], [1016, 1020], [1036, 1037], [1057, 1058], [1327, 1328], [1329, 1330], [1403, 1405], [1425, 1427]], "44444440.595881-105.139686": [[7, 9], [16, 17], [18, 20], [31, 32], [55, 56], [57, 58], [59, 60], [62, 65], [86, 87], [127, 129], [132, 134], [145, 146], [192, 194], [277, 279], [280, 281], [326, 327], [341, 342], [405, 407], [426, 428], [429, 431], [445, 447], [455, 456], [464, 467], [540, 541], [555, 557], [575, 576], [607, 608], [616, 617], [624, 626], [630, 632], [635, 641], [642, 644], [645, 649], [651, 652], [658, 660], [666, 667], [669, 672], [673, 674], [677, 684], [686, 688], [689, 691], [692, 694], [695, 699], [700, 706], [707, 708], [709, 711], [718, 719], [720, 722], [724, 726], [727, 728], [729, 730], [731, 733], [738, 739], [741, 744], [745, 746], [760, 762], [799, 804], [805, 811], [812, 818], [824, 827], [838, 839], [841, 843], [847, 850], [873, 875], [882, 886], [888, 892], [894, 895], [896, 901], [902, 903], [905, 909], [916, 919], [922, 926], [928, 930], [935, 937], [939, 940], [941, 942], [957, 959], [993, 995], [1083, 1085], [1089, 1091], [1217, 1219], [1287, 1288], [1344, 1346], [1361, 1363]], "44444440.595947-105.139833": [[2, 4], [6, 7], [8, 9], [13, 14], [17, 19], [47, 49], [59, 61], [127, 128], [129, 131], [134, 135], [155, 157], [271, 273], [281, 283], [326, 328], [337, 338], [355, 356], [357, 359], [383, 388], [401, 403], [408, 409], [412, 415], [425, 427], [448, 451], [452, 457], [459, 460], [462, 463], [464, 465], [519, 521], [542, 544], [550, 552], [554, 556], [560, 562], [563, 565], [593, 594], [640, 642], [643, 649], [650, 652], [655, 656], [657, 658], [659, 661], [662, 665], [666, 668], [669, 670], [671, 673], [674, 676], [696, 697], [698, 701], [737, 744], [792, 793], [806, 810], [811, 813], [817, 818], [820, 821], [823, 824], [825, 828], [832, 833], [848, 850], [852, 858], [865, 867], [873, 876], [881, 882], [888, 889], [890, 891], [892, 893], [895, 896], [897, 898], [900, 902], [903, 904], [912, 913], [914, 915], [918, 919], [922, 923], [924, 926], [927, 933], [935, 936], [939, 940], [942, 943], [947, 950], [957, 958], [960, 961], [988, 991], [992, 994], [997, 999], [1022, 1024], [1049, 1051], [1056, 1058], [1256, 1257], [1275, 1276], [1277, 1278], [1321, 1322]], "55555540.595542-105.139211": [[348, 349], [350, 352], [441, 443]], "55555540.595547-105.139714": [[351, 353], [363, 364], [365, 366], [448, 449], [450, 451], [452, 454]], "55555540.596089-105.139144": [[121, 122], [133, 134], [142, 143], [348, 349], [411, 413], [414, 416], [419, 421]], "55555540.596097-105.139678": [[355, 357], [1253, 1254]], "66666640.595542-105.139211": [[351, 353], [364, 365], [371, 373], [378, 380], [423, 424], [426, 427], [759, 761]], "66666640.595547-105.139714": [[406, 407]], "66666640.596089-105.139144": [[667, 668]], "66666640.596097-105.139678": []}